episode,reward,length,success,simulations,cache_hits,hit_fraction,total_steps
1,-2018.292,20,False,21,0,0.0,160
2,-2011.68,20,False,21,0,0.0,160
3,-2022.702,20,False,21,0,0.0,160
4,-2015.618,20,False,20,1,0.048,160
5,-2027.535,20,False,21,0,0.0,160
6,-2012.811,20,False,21,0,0.0,160
7,-2003.368,20,False,21,0,0.0,160
8,-2014.813,20,False,18,3,0.143,160
9,-2017.283,20,False,20,1,0.048,320
10,-2003.076,20,False,21,0,0.0,320
11,-2014.802,20,False,21,0,0.0,320
12,-2015.294,20,False,19,2,0.095,320
13,-2010.318,20,False,21,0,0.0,320
14,-2010.894,20,False,20,1,0.048,320
15,-2012.635,20,False,21,0,0.0,320
16,-2019.879,20,False,21,0,0.0,320
17,-2026.32,20,False,20,1,0.048,480
18,-2015.768,20,False,21,0,0.0,480
19,-2017.433,20,False,21,0,0.0,480
20,-2026.375,20,False,21,0,0.0,480
21,-2013.244,20,False,21,0,0.0,480
22,-2023.41,20,False,20,1,0.048,480
23,-2017.473,20,False,21,0,0.0,480
24,-2045.258,20,False,21,0,0.0,480
25,-2039.125,20,False,21,0,0.0,640
26,-2012.837,20,False,21,0,0.0,640
27,-2019.74,20,False,21,0,0.0,640
28,-2031.005,20,False,20,1,0.048,640
29,-2013.574,20,False,21,0,0.0,640
30,-2015.741,20,False,21,0,0.0,640
31,-2024.296,20,False,21,0,0.0,640
32,-2016.661,20,False,21,0,0.0,640
33,-2030.884,20,False,20,1,0.048,800
34,-2014.458,20,False,21,0,0.0,800
35,-2027.21,20,False,20,1,0.048,800
36,-2020.524,20,False,21,0,0.0,800
37,-2074.339,20,False,21,0,0.0,800
38,-2009.594,20,False,20,1,0.048,800
39,-2025.34,20,False,20,1,0.048,800
40,-2045.371,20,False,21,0,0.0,800
41,-2014.663,20,False,20,1,0.048,960
42,-2021.819,20,False,21,0,0.0,960
43,-2014.81,20,False,19,2,0.095,960
44,-2011.907,20,False,20,1,0.048,960
45,-2047.799,20,False,21,0,0.0,960
46,-2037.819,20,False,21,0,0.0,960
47,-2020.67,20,False,20,1,0.048,960
48,-2010.475,20,False,21,0,0.0,960
49,-2033.923,20,False,21,0,0.0,1120
50,-2013.097,20,False,21,0,0.0,1120
51,-2014.894,20,False,21,0,0.0,1120
52,-2020.349,20,False,19,2,0.095,1120
53,-2007.23,20,False,21,0,0.0,1120
54,-2009.932,20,False,21,0,0.0,1120
55,-2056.563,20,False,20,1,0.048,1120
56,-2025.911,20,False,20,1,0.048,1120
57,-1398.064,15,True,15,1,0.062,1240
58,-2015.44,20,False,20,1,0.048,1280
59,-2021.974,20,False,21,0,0.0,1280
60,-2017.635,20,False,21,0,0.0,1280
61,-2012.624,20,False,21,0,0.0,1280
62,-2016.318,20,False,21,0,0.0,1280
63,-2015.685,20,False,21,0,0.0,1280
64,-2016.339,20,False,21,0,0.0,1280
65,-2025.566,20,False,21,0,0.0,1400
66,-2009.904,20,False,20,1,0.048,1440
67,-2014.538,20,False,21,0,0.0,1440
68,-2024.36,20,False,20,1,0.048,1440
69,-2023.04,20,False,21,0,0.0,1440
70,-2012.638,20,False,21,0,0.0,1440
71,-2010.545,20,False,21,0,0.0,1440
72,-2014.299,20,False,21,0,0.0,1440
73,-295.953,4,True,5,0,0.0,1472
74,-296.583,4,True,5,0,0.0,1472
75,-2014.33,20,False,21,0,0.0,1560
76,-2012.462,20,False,20,1,0.048,1600
77,-2013.338,20,False,21,0,0.0,1600
78,-2017.65,20,False,20,1,0.048,1600
79,-2012.201,20,False,21,0,0.0,1600
80,-2014.404,20,False,20,1,0.048,1600
81,-2022.374,20,False,21,0,0.0,1632
82,-2037.241,20,False,20,1,0.048,1632
83,-2014.579,20,False,21,0,0.0,1720
84,-2006.006,20,False,21,0,0.0,1760
85,-2007.538,20,False,18,3,0.143,1760
86,-2018.015,20,False,21,0,0.0,1760
87,-2045.45,20,False,20,1,0.048,1760
88,-2011.252,20,False,21,0,0.0,1760
89,-2037.369,20,False,21,0,0.0,1792
90,-2016.522,20,False,21,0,0.0,1792
91,-2004.284,20,False,21,0,0.0,1880
92,-2049.893,20,False,21,0,0.0,1920
93,-2013.591,20,False,21,0,0.0,1920
94,-2014.737,20,False,20,1,0.048,1920
95,-2022.782,20,False,21,0,0.0,1920
96,-2011.07,20,False,20,1,0.048,1920
97,-2031.568,20,False,21,0,0.0,1952
98,-2019.195,20,False,21,0,0.0,1952
99,4.295,1,True,2,0,0.0,1960
100,-2073.883,20,False,21,0,0.0,2040
101,-2028.659,20,False,20,1,0.048,2080
102,-2015.099,20,False,20,1,0.048,2080
103,-2033.973,20,False,21,0,0.0,2080
104,-2016.789,20,False,21,0,0.0,2080
105,-2008.77,20,False,21,0,0.0,2080
106,-2014.438,20,False,21,0,0.0,2112
107,-2032.621,20,False,21,0,0.0,2120
108,-2013.021,20,False,20,1,0.048,2200
109,-2004.117,20,False,20,1,0.048,2240
110,-2059.944,20,False,19,2,0.095,2240
111,-2014.302,20,False,21,0,0.0,2240
112,-2010.179,20,False,19,2,0.095,2240
113,-2011.295,20,False,20,1,0.048,2240
114,-2061.97,20,False,20,1,0.048,2272
115,-2013.957,20,False,20,1,0.048,2280
116,-2014.972,20,False,20,1,0.048,2360
117,-2012.25,20,False,21,0,0.0,2400
118,-2034.514,20,False,21,0,0.0,2400
119,-2017.013,20,False,20,1,0.048,2400
120,-2021.492,20,False,21,0,0.0,2400
121,-2011.864,20,False,21,0,0.0,2400
122,-2009.901,20,False,21,0,0.0,2432
123,-2015.244,20,False,20,1,0.048,2440
124,-2017.2,20,False,21,0,0.0,2520
125,-2073.178,20,False,20,1,0.048,2560
126,-2017.471,20,False,21,0,0.0,2560
127,-2011.909,20,False,21,0,0.0,2560
128,-2035.711,20,False,21,0,0.0,2560
129,-2012.161,20,False,19,2,0.095,2560
130,-2015.385,20,False,21,0,0.0,2592
131,-2015.931,20,False,20,1,0.048,2600
132,-2024.583,20,False,21,0,0.0,2680
133,-2011.555,20,False,21,0,0.0,2720
134,-2012.161,20,False,21,0,0.0,2720
135,-2007.447,20,False,21,0,0.0,2720
136,-2084.223,20,False,20,1,0.048,2720
137,-2012.914,20,False,21,0,0.0,2720
138,-2032.859,20,False,20,1,0.048,2752
139,-2034.226,20,False,20,1,0.048,2760
140,-2012.529,20,False,21,0,0.0,2840
141,-2018.635,20,False,21,0,0.0,2880
142,-2015.747,20,False,21,0,0.0,2880
143,-2014.703,20,False,21,0,0.0,2880
144,-2012.279,20,False,21,0,0.0,2880
145,-2013.985,20,False,21,0,0.0,2880
146,-2013.836,20,False,19,2,0.095,2912
147,-2016.184,20,False,21,0,0.0,2920
148,-2010.301,20,False,21,0,0.0,3000
149,-2016.808,20,False,21,0,0.0,3040
150,-2019.709,20,False,21,0,0.0,3040
151,-2017.58,20,False,21,0,0.0,3040
152,-2015.898,20,False,20,1,0.048,3040
153,-2014.867,20,False,21,0,0.0,3040
154,-2015.378,20,False,21,0,0.0,3072
155,-2017.218,20,False,21,0,0.0,3080
156,-2015.555,20,False,21,0,0.0,3160
157,-2017.796,20,False,20,1,0.048,3200
158,-2015.614,20,False,19,2,0.095,3200
159,-2013.16,20,False,21,0,0.0,3200
160,-2017.75,20,False,19,2,0.095,3200
161,-2014.066,20,False,21,0,0.0,3200
162,-2018.177,20,False,19,2,0.095,3232
163,-2016.497,20,False,20,1,0.048,3240
164,-2014.367,20,False,21,0,0.0,3320
165,-2004.152,20,False,20,1,0.048,3360
166,-2005.107,20,False,20,1,0.048,3360
167,-2010.256,20,False,20,1,0.048,3360
168,-2023.049,20,False,21,0,0.0,3360
169,-2015.9,20,False,21,0,0.0,3360
170,-2010.954,20,False,21,0,0.0,3392
171,-2017.054,20,False,21,0,0.0,3400
172,-2014.425,20,False,21,0,0.0,3480
173,-2017.461,20,False,21,0,0.0,3520
174,-2013.034,20,False,21,0,0.0,3520
175,-2013.143,20,False,21,0,0.0,3520
176,-2015.003,20,False,21,0,0.0,3520
177,-2011.407,20,False,20,1,0.048,3520
178,-2014.62,20,False,21,0,0.0,3552
179,-2014.553,20,False,21,0,0.0,3560
180,-2011.254,20,False,20,1,0.048,3640
181,-2005.028,20,False,21,0,0.0,3680
182,-2014.262,20,False,21,0,0.0,3680
183,-2011.206,20,False,20,1,0.048,3680
184,-2008.95,20,False,19,2,0.095,3680
185,-2012.172,20,False,20,1,0.048,3680
186,-2014.031,20,False,20,1,0.048,3712
187,-2011.569,20,False,21,0,0.0,3720
188,-2015.722,20,False,21,0,0.0,3800
189,-2011.794,20,False,20,1,0.048,3840
190,-2014.029,20,False,21,0,0.0,3840
191,-2017.172,20,False,21,0,0.0,3840
192,-2011.16,20,False,21,0,0.0,3840
193,-2009.23,20,False,20,1,0.048,3840
194,-1701.544,18,True,18,1,0.053,3856
195,-2014.538,20,False,21,0,0.0,3880
196,-2015.42,20,False,21,0,0.0,3960
197,-2015.046,20,False,21,0,0.0,4000
198,-2011.085,20,False,21,0,0.0,4000
199,-2011.459,20,False,21,0,0.0,4000
200,-2011.096,20,False,21,0,0.0,4000
201,-2011.652,20,False,21,0,0.0,4000
202,-2046.505,20,False,21,0,0.0,4016
203,-2013.627,20,False,21,0,0.0,4040
204,-2013.331,20,False,20,1,0.048,4120
205,-2031.112,20,False,21,0,0.0,4160
206,-2011.305,20,False,19,2,0.095,4160
207,-2010.031,20,False,20,1,0.048,4160
208,-2010.678,20,False,19,2,0.095,4160
209,-2012.8,20,False,21,0,0.0,4160
210,-2014.03,20,False,21,0,0.0,4176
211,-2011.751,20,False,21,0,0.0,4200
212,-2012.205,20,False,21,0,0.0,4280
213,-2014.097,20,False,19,2,0.095,4320
214,-2015.41,20,False,21,0,0.0,4320
215,-2017.779,20,False,21,0,0.0,4320
216,-2014.324,20,False,21,0,0.0,4320
217,-2007.164,20,False,21,0,0.0,4320
218,-2015.68,20,False,21,0,0.0,4336
219,-2007.367,20,False,21,0,0.0,4360
220,-2018.095,20,False,21,0,0.0,4440
221,-2014.82,20,False,18,3,0.143,4480
222,-2013.148,20,False,21,0,0.0,4480
223,-2017.789,20,False,21,0,0.0,4480
224,-2036.544,20,False,21,0,0.0,4480
225,-2046.157,20,False,20,1,0.048,4480
226,-2016.09,20,False,21,0,0.0,4496
227,-2007.842,20,False,21,0,0.0,4520
228,-2017.99,20,False,21,0,0.0,4600
229,-1902.002,20,True,18,3,0.143,4640
230,-2015.925,20,False,19,2,0.095,4640
231,-2008.897,20,False,21,0,0.0,4640
232,-2009.655,20,False,21,0,0.0,4640
233,-2014.36,20,False,21,0,0.0,4640
234,-2013.757,20,False,21,0,0.0,4656
235,-2011.911,20,False,20,1,0.048,4680
236,-2028.001,20,False,21,0,0.0,4760
237,-2014.385,20,False,21,0,0.0,4800
238,-2012.651,20,False,21,0,0.0,4800
239,-2009.773,20,False,21,0,0.0,4800
240,-2012.102,20,False,21,0,0.0,4800
241,-2004.088,20,False,20,1,0.048,4800
242,-2012.343,20,False,21,0,0.0,4816
243,-2013.894,20,False,19,2,0.095,4840
244,-2014.774,20,False,21,0,0.0,4920
245,-2026.07,20,False,21,0,0.0,4960
246,-2012.527,20,False,20,1,0.048,4960
247,-2018.099,20,False,21,0,0.0,4960
248,-2003.705,20,False,20,1,0.048,4960
249,-2011.934,20,False,21,0,0.0,4960
250,4.021,1,True,2,0,0.0,4968
251,-2018.899,20,False,21,0,0.0,4976
252,-2037.666,20,False,20,1,0.048,5000
253,-2013.52,20,False,21,0,0.0,5080
254,-2015.576,20,False,20,1,0.048,5120
255,-2014.167,20,False,20,1,0.048,5120
256,-2014.251,20,False,21,0,0.0,5120
257,-2018.173,20,False,18,3,0.143,5120
258,-2038.149,20,False,21,0,0.0,5128
259,-2017.663,20,False,20,1,0.048,5136
260,-196.316,3,True,4,0,0.0,5144
261,-2017.117,20,False,18,3,0.143,5160
262,-2021.298,20,False,21,0,0.0,5240
263,-2022.035,20,False,21,0,0.0,5280
264,-2010.454,20,False,21,0,0.0,5280
265,-2013.498,20,False,21,0,0.0,5280
266,-2021.247,20,False,20,1,0.048,5288
267,-2018.219,20,False,21,0,0.0,5296
268,-2017.28,20,False,21,0,0.0,5304
269,-2028.285,20,False,21,0,0.0,5320
270,-2018.295,20,False,20,1,0.048,5400
271,-2026.804,20,False,21,0,0.0,5440
272,-2026.743,20,False,21,0,0.0,5440
273,-2065.127,20,False,21,0,0.0,5440
274,-2009.052,20,False,21,0,0.0,5448
275,-2038.149,20,False,20,1,0.048,5456
276,-2014.795,20,False,21,0,0.0,5464
277,-2013.441,20,False,21,0,0.0,5480
278,-2007.785,20,False,20,1,0.048,5560
279,-2012.202,20,False,21,0,0.0,5600
280,-2017.272,20,False,19,2,0.095,5600
281,-2050.184,20,False,19,2,0.095,5600
282,-2012.391,20,False,21,0,0.0,5608
283,-2013.901,20,False,21,0,0.0,5616
284,-2064.577,20,False,20,1,0.048,5624
285,-2015.723,20,False,21,0,0.0,5640
286,-2017.161,20,False,20,1,0.048,5720
287,-2020.987,20,False,21,0,0.0,5760
288,-2016.347,20,False,20,1,0.048,5760
289,-2030.392,20,False,21,0,0.0,5760
290,-2012.418,20,False,21,0,0.0,5768
291,-2012.604,20,False,21,0,0.0,5776
292,-2015.619,20,False,21,0,0.0,5784
293,-2012.931,20,False,21,0,0.0,5800
294,-2014.605,20,False,20,1,0.048,5880
295,-2013.619,20,False,20,1,0.048,5920
296,-2018.203,20,False,21,0,0.0,5920
297,-2018.558,20,False,21,0,0.0,5920
298,-2014.636,20,False,21,0,0.0,5928
299,-2015.092,20,False,21,0,0.0,5936
300,-2007.103,20,False,19,2,0.095,5944
301,3.969,1,True,2,0,0.0,5952
302,-2014.241,20,False,21,0,0.0,5960
303,-2013.379,20,False,21,0,0.0,6040
304,-2020.319,20,False,21,0,0.0,6080
305,-2020.501,20,False,19,2,0.095,6080
306,-2030.729,20,False,21,0,0.0,6080
307,-2016.7,20,False,21,0,0.0,6088
308,-2023.728,20,False,20,1,0.048,6096
309,-2013.399,20,False,21,0,0.0,6112
310,-2024.587,20,False,21,0,0.0,6120
311,-2012.815,20,False,21,0,0.0,6200
312,-96.439,2,True,3,0,0.0,6216
313,-2019.714,20,False,21,0,0.0,6240
314,-2024.809,20,False,20,1,0.048,6240
315,-2014.834,20,False,21,0,0.0,6240
316,-2014.556,20,False,21,0,0.0,6248
317,-2013.755,20,False,21,0,0.0,6256
318,-2005.264,20,False,20,1,0.048,6272
319,-2040.404,20,False,21,0,0.0,6280
320,-2010.482,20,False,20,1,0.048,6376
321,-2010.667,20,False,21,0,0.0,6400
322,-2010.03,20,False,21,0,0.0,6400
323,-2017.311,20,False,19,2,0.095,6400
324,-2008.246,20,False,19,2,0.095,6408
325,-2012.044,20,False,20,1,0.048,6416
326,-2017.227,20,False,21,0,0.0,6432
327,-2023.768,20,False,19,2,0.095,6440
328,-2011.168,20,False,19,2,0.095,6536
329,-2013.828,20,False,20,1,0.048,6560
330,-2025.272,20,False,20,1,0.048,6560
331,-2013.86,20,False,18,3,0.143,6560
332,-2013.676,20,False,21,0,0.0,6568
333,-2017.179,20,False,21,0,0.0,6576
334,-2016.983,20,False,21,0,0.0,6592
335,-2017.302,20,False,21,0,0.0,6600
336,-2011.125,20,False,19,2,0.095,6696
337,-2024.314,20,False,21,0,0.0,6720
338,-2016.772,20,False,21,0,0.0,6720
339,-2018.425,20,False,21,0,0.0,6720
340,-2014.463,20,False,21,0,0.0,6728
341,-2014.434,20,False,21,0,0.0,6736
342,-2013.802,20,False,20,1,0.048,6752
343,-2013.416,20,False,20,1,0.048,6760
344,-2017.229,20,False,21,0,0.0,6856
345,-2009.321,20,False,20,1,0.048,6880
346,-2018.02,20,False,21,0,0.0,6880
347,-2026.762,20,False,21,0,0.0,6880
348,-2027.261,20,False,19,2,0.095,6888
349,-2014.068,20,False,21,0,0.0,6896
350,-2014.628,20,False,21,0,0.0,6912
351,-2010.736,20,False,19,2,0.095,6920
352,-2004.333,20,False,21,0,0.0,7016
353,-2014.418,20,False,21,0,0.0,7040
354,-2014.189,20,False,20,1,0.048,7040
355,-2015.484,20,False,21,0,0.0,7040
356,-2022.146,20,False,21,0,0.0,7048
357,-2037.131,20,False,21,0,0.0,7056
358,-2014.861,20,False,21,0,0.0,7072
359,-2017.147,20,False,21,0,0.0,7080
360,-2020.813,20,False,21,0,0.0,7176
361,-2011.049,20,False,21,0,0.0,7200
362,-2015.185,20,False,21,0,0.0,7200
363,-2015.744,20,False,18,3,0.143,7200
364,-2033.325,20,False,21,0,0.0,7208
365,-2035.922,20,False,21,0,0.0,7216
366,-2016.115,20,False,20,1,0.048,7232
367,-2017.667,20,False,20,1,0.048,7240
368,-2013.368,20,False,21,0,0.0,7336
369,-2016.229,20,False,20,1,0.048,7360
370,-2015.047,20,False,21,0,0.0,7360
371,-2024.657,20,False,21,0,0.0,7360
372,-2016.647,20,False,20,1,0.048,7368
373,-2012.75,20,False,20,1,0.048,7376
374,-2041.737,20,False,20,1,0.048,7392
375,-2013.837,20,False,19,2,0.095,7400
376,-2012.969,20,False,20,1,0.048,7496
377,-2007.284,20,False,21,0,0.0,7520
378,-2013.226,20,False,21,0,0.0,7520
379,-2015.888,20,False,21,0,0.0,7520
380,-2010.668,20,False,21,0,0.0,7528
381,-2011.828,20,False,20,1,0.048,7536
382,-2023.038,20,False,21,0,0.0,7552
383,-2006.424,20,False,20,1,0.048,7560
384,-2010.119,20,False,20,1,0.048,7656
385,-2012.504,20,False,21,0,0.0,7680
386,-2033.512,20,False,20,1,0.048,7680
387,-2008.155,20,False,20,1,0.048,7680
388,-2014.578,20,False,20,1,0.048,7688
389,-2017.598,20,False,21,0,0.0,7696
390,-2055.398,20,False,19,2,0.095,7712
391,-2017.022,20,False,21,0,0.0,7720
392,-2012.72,20,False,21,0,0.0,7816
393,-2017.511,20,False,21,0,0.0,7840
394,-2014.305,20,False,20,1,0.048,7840
395,-2018.414,20,False,21,0,0.0,7840
396,-2040.357,20,False,21,0,0.0,7848
397,-2012.34,20,False,21,0,0.0,7856
398,-2031.572,20,False,21,0,0.0,7872
399,-697.348,8,True,9,0,0.0,7880
400,-2031.167,20,False,21,0,0.0,7880
401,-2012.866,20,False,20,1,0.048,8000
402,-2013.816,20,False,21,0,0.0,8000
403,-2040.591,20,False,21,0,0.0,8000
404,-2011.859,20,False,19,2,0.095,8008
405,-2010.591,20,False,20,1,0.048,8016
406,-2011.227,20,False,20,1,0.048,8032
407,-2012.647,20,False,20,1,0.048,8040
408,-2016.244,20,False,20,1,0.048,8040
409,-2014.609,20,False,21,0,0.0,8160
410,-2020.409,20,False,20,1,0.048,8160
411,-2009.182,20,False,21,0,0.0,8160
412,-2012.439,20,False,21,0,0.0,8168
413,-2014.038,20,False,21,0,0.0,8176
414,-2048.888,20,False,20,1,0.048,8192
415,-2022.537,20,False,21,0,0.0,8200
416,-2029.251,20,False,21,0,0.0,8200
417,-2060.172,20,False,19,2,0.095,8320
418,-2012.591,20,False,21,0,0.0,8320
419,-2021.383,20,False,18,3,0.143,8320
420,-2014.831,20,False,21,0,0.0,8328
421,-2010.825,20,False,21,0,0.0,8336
422,-2034.825,20,False,20,1,0.048,8352
423,-2013.809,20,False,20,1,0.048,8360
424,-2015.484,20,False,21,0,0.0,8360
425,-2016.154,20,False,19,2,0.095,8480
426,-2013.813,20,False,20,1,0.048,8480
427,-2011.663,20,False,21,0,0.0,8480
428,-2003.266,20,False,21,0,0.0,8488
429,-2016.133,20,False,20,1,0.048,8496
430,-2011.35,20,False,21,0,0.0,8512
431,-2032.412,20,False,20,1,0.048,8520
432,3.685,1,True,2,0,0.0,8520
433,-2011.555,20,False,21,0,0.0,8520
434,-2016.543,20,False,20,1,0.048,8640
435,-2021.96,20,False,20,1,0.048,8640
436,-2013.25,20,False,18,3,0.143,8640
437,-2004.935,20,False,20,1,0.048,8648
438,-2009.405,20,False,21,0,0.0,8656
439,-2021.463,20,False,20,1,0.048,8680
440,-2027.704,20,False,20,1,0.048,8680
441,-2009.096,20,False,21,0,0.0,8680
442,-2017.594,20,False,21,0,0.0,8800
443,-2011.43,20,False,21,0,0.0,8800
444,-2014.821,20,False,20,1,0.048,8800
445,-2014.257,20,False,21,0,0.0,8808
446,-2015.279,20,False,21,0,0.0,8816
447,-2012.643,20,False,21,0,0.0,8840
448,-2016.421,20,False,20,1,0.048,8840
449,-2009.661,20,False,21,0,0.0,8840
450,-2022.913,20,False,20,1,0.048,8960
451,-2016.514,20,False,20,1,0.048,8960
452,-2015.16,20,False,21,0,0.0,8960
453,-2019.523,20,False,19,2,0.095,8968
454,-2015.862,20,False,21,0,0.0,8976
455,-2059.983,20,False,20,1,0.048,9000
456,-2016.719,20,False,21,0,0.0,9000
457,-2022.482,20,False,18,3,0.143,9000
458,-2017.117,20,False,20,1,0.048,9120
459,-2023.411,20,False,20,1,0.048,9120
460,-2026.97,20,False,20,1,0.048,9120
461,-2008.166,20,False,21,0,0.0,9128
462,-2006.378,20,False,21,0,0.0,9136
463,-2030.118,20,False,21,0,0.0,9160
464,-2016.911,20,False,21,0,0.0,9160
465,-2039.479,20,False,20,1,0.048,9160
466,-1097.799,12,True,13,0,0.0,9216
467,-2014.249,20,False,21,0,0.0,9280
468,-2012.271,20,False,19,2,0.095,9280
469,-2011.059,20,False,19,2,0.095,9288
470,-2013.845,20,False,20,1,0.048,9296
471,-2018.205,20,False,21,0,0.0,9320
472,-2025.538,20,False,20,1,0.048,9320
473,-2013.3,20,False,21,0,0.0,9320
474,-2014.306,20,False,20,1,0.048,9376
475,-2012.732,20,False,21,0,0.0,9440
476,-2022.778,20,False,19,2,0.095,9440
477,-2007.842,20,False,21,0,0.0,9448
478,-2015.509,20,False,20,1,0.048,9456
479,-2043.607,20,False,20,1,0.048,9480
480,-2012.672,20,False,21,0,0.0,9480
481,-2006.391,20,False,21,0,0.0,9480
482,-2013.688,20,False,21,0,0.0,9536
483,-2014.939,20,False,21,0,0.0,9600
484,-2017.541,20,False,21,0,0.0,9600
485,-2023.572,20,False,21,0,0.0,9608
486,-2016.121,20,False,21,0,0.0,9616
487,-2015.643,20,False,19,2,0.095,9640
488,-2016.525,20,False,19,2,0.095,9640
489,-2003.99,20,False,18,3,0.143,9640
490,-597.247,7,True,8,0,0.0,9656
491,-2023.162,20,False,20,1,0.048,9696
492,-2020.148,20,False,21,0,0.0,9760
493,-2011.342,20,False,21,0,0.0,9768
494,-2008.199,20,False,21,0,0.0,9776
495,-2045.016,20,False,21,0,0.0,9800
496,-2030.958,20,False,20,1,0.048,9800
497,-2013.529,20,False,20,1,0.048,9800
498,-2025.601,20,False,21,0,0.0,9816
499,-2006.814,20,False,21,0,0.0,9856
500,-998.307,11,True,12,0,0.0,9856
501,-2012.732,20,False,20,1,0.048,9920
502,-2010.389,20,False,21,0,0.0,9936
503,-2013.613,20,False,21,0,0.0,9960
504,-2010.067,20,False,21,0,0.0,9960
505,-2048.61,20,False,19,2,0.095,9960
506,-2014.305,20,False,21,0,0.0,9976
507,-2012.334,20,False,21,0,0.0,10016
508,-2013.478,20,False,21,0,0.0,10016
509,-2047.185,20,False,21,0,0.0,10080
510,-2017.768,20,False,21,0,0.0,10096
511,-2018.751,20,False,21,0,0.0,10120
512,-2014.837,20,False,18,3,0.143,10120
513,-2013.331,20,False,20,1,0.048,10120
514,-2013.582,20,False,20,1,0.048,10136
515,-2013.99,20,False,19,2,0.095,10176
516,-2015.996,20,False,21,0,0.0,10176
517,-2036.407,20,False,21,0,0.0,10240
518,-2024.724,20,False,21,0,0.0,10256
519,-2028.766,20,False,21,0,0.0,10280
520,-2014.23,20,False,20,1,0.048,10280
521,-2020.855,20,False,21,0,0.0,10280
522,-2038.785,20,False,19,2,0.095,10296
523,-2041.531,20,False,21,0,0.0,10336
524,-2018.686,20,False,21,0,0.0,10336
525,-2021.353,20,False,20,1,0.048,10400
526,-2038.917,20,False,19,2,0.095,10416
527,-2014.934,20,False,21,0,0.0,10440
528,-2028.335,20,False,21,0,0.0,10440
529,-2037.518,20,False,20,1,0.048,10440
530,-2022.21,20,False,20,1,0.048,10456
531,-2035.196,20,False,20,1,0.048,10496
532,-2013.318,20,False,21,0,0.0,10496
533,-2008.141,20,False,20,1,0.048,10560
534,-2010.374,20,False,21,0,0.0,10576
535,-2027.886,20,False,20,1,0.048,10600
536,-2012.006,20,False,20,1,0.048,10600
537,-2035.68,20,False,21,0,0.0,10600
538,-2020.033,20,False,21,0,0.0,10616
539,-2011.795,20,False,21,0,0.0,10656
540,-2027.664,20,False,19,2,0.095,10656
541,-2006.334,20,False,20,1,0.048,10720
542,-2018.401,20,False,20,1,0.048,10736
543,-2012.473,20,False,20,1,0.048,10760
544,-2011.109,20,False,21,0,0.0,10760
545,-2015.003,20,False,21,0,0.0,10760
546,-2011.281,20,False,20,1,0.048,10776
547,-2016.868,20,False,21,0,0.0,10816
548,-2015.799,20,False,20,1,0.048,10816
549,-1409.998,15,True,14,2,0.125,10856
550,-2030.026,20,False,20,1,0.048,10880
551,-2016.79,20,False,21,0,0.0,10920
552,-2007.715,20,False,20,1,0.048,10920
553,-2012.766,20,False,21,0,0.0,10920
554,-2014.462,20,False,18,3,0.143,10936
555,-2016.215,20,False,21,0,0.0,10976
556,-2013.826,20,False,21,0,0.0,10976
557,-2055.596,20,False,21,0,0.0,11016
558,-2035.852,20,False,21,0,0.0,11040
559,-2030.733,20,False,21,0,0.0,11080
560,-2051.731,20,False,20,1,0.048,11080
561,-2018.126,20,False,21,0,0.0,11080
562,-2007.09,20,False,21,0,0.0,11096
563,-2008.16,20,False,20,1,0.048,11136
564,-2064.374,20,False,21,0,0.0,11136
565,-2015.12,20,False,20,1,0.048,11176
566,-2005.64,20,False,21,0,0.0,11200
567,-2024.556,20,False,20,1,0.048,11240
568,-2018.152,20,False,20,1,0.048,11240
569,-2042.465,20,False,21,0,0.0,11240
570,-2040.094,20,False,21,0,0.0,11256
571,-2014.362,20,False,20,1,0.048,11296
572,-2013.661,20,False,18,3,0.143,11296
573,-96.308,2,True,3,0,0.0,11312
574,3.608,1,True,2,0,0.0,11320
575,-998.466,11,True,11,1,0.083,11328
576,-2011.194,20,False,19,2,0.095,11336
577,-2018.189,20,False,20,1,0.048,11360
578,-2017.358,20,False,19,2,0.095,11400
579,-2012.369,20,False,20,1,0.048,11400
580,-2015.015,20,False,21,0,0.0,11416
581,-2016.857,20,False,20,1,0.048,11456
582,-2016.922,20,False,21,0,0.0,11480
583,-2015.916,20,False,21,0,0.0,11488
584,-2070.556,20,False,20,1,0.048,11496
585,-2008.508,20,False,20,1,0.048,11520
586,-2039.966,20,False,20,1,0.048,11560
587,-2022.933,20,False,21,0,0.0,11560
588,-2012.242,20,False,18,3,0.143,11576
589,-2015.18,20,False,21,0,0.0,11616
590,-2016.864,20,False,21,0,0.0,11640
591,-902.941,10,True,11,0,0.0,11640
592,-2013.425,20,False,18,3,0.143,11648
593,-2018.163,20,False,20,1,0.048,11656
594,-2013.688,20,False,21,0,0.0,11680
595,-2009.819,20,False,19,2,0.095,11720
596,-2014.781,20,False,20,1,0.048,11736
597,-2016.056,20,False,20,1,0.048,11776
598,-2013.302,20,False,21,0,0.0,11800
599,-2012.528,20,False,19,2,0.095,11800
600,-2015.491,20,False,20,1,0.048,11808
601,-2031.669,20,False,20,1,0.048,11816
602,-2007.115,20,False,21,0,0.0,11840
603,-2013.916,20,False,20,1,0.048,11880
604,-2019.455,20,False,21,0,0.0,11896
605,-2016.42,20,False,21,0,0.0,11936
606,-2013.361,20,False,20,1,0.048,11960
607,-2012.166,20,False,20,1,0.048,11960
608,-2017.985,20,False,21,0,0.0,11968
609,-2013.229,20,False,20,1,0.048,11976
610,-2012.29,20,False,21,0,0.0,12000
611,-2014.504,20,False,18,3,0.143,12040
612,-2014.128,20,False,21,0,0.0,12056
613,-2040.716,20,False,20,1,0.048,12096
614,-2012.802,20,False,21,0,0.0,12120
615,-2016.673,20,False,20,1,0.048,12120
616,-2010.165,20,False,20,1,0.048,12128
617,-2019.337,20,False,21,0,0.0,12136
618,-2013.037,20,False,21,0,0.0,12160
619,-2026.69,20,False,20,1,0.048,12200
620,-2007.733,20,False,21,0,0.0,12216
621,-2007.582,20,False,20,1,0.048,12256
622,-2024.011,20,False,21,0,0.0,12280
623,-2018.113,20,False,19,2,0.095,12280
624,-2013.482,20,False,20,1,0.048,12288
625,-2017.573,20,False,21,0,0.0,12296
626,-2032.419,20,False,20,1,0.048,12320
627,-397.047,5,True,6,0,0.0,12328
628,-2038.037,20,False,20,1,0.048,12360
629,-2011.26,20,False,21,0,0.0,12376
630,-2008.834,20,False,21,0,0.0,12416
631,-2005.216,20,False,20,1,0.048,12440
632,-2021.087,20,False,21,0,0.0,12440
633,-2029.603,20,False,21,0,0.0,12456
634,-2014.169,20,False,20,1,0.048,12480
635,-2014.178,20,False,21,0,0.0,12488
636,-2025.829,20,False,21,0,0.0,12520
637,-2015.982,20,False,21,0,0.0,12536
638,-2012.041,20,False,20,1,0.048,12576
639,-2018.619,20,False,21,0,0.0,12600
640,-2015.825,20,False,18,3,0.143,12600
641,-2023.146,20,False,21,0,0.0,12616
642,-2017.814,20,False,21,0,0.0,12640
643,-2014.86,20,False,19,2,0.095,12648
644,-2024.757,20,False,20,1,0.048,12680
645,-2004.665,20,False,20,1,0.048,12696
646,-2033.767,20,False,19,2,0.095,12736
647,-2027.204,20,False,20,1,0.048,12760
648,-2010.627,20,False,19,2,0.095,12760
649,-2017.121,20,False,21,0,0.0,12776
650,-95.492,2,True,3,0,0.0,12792
651,-2014.685,20,False,20,1,0.048,12800
652,-2008.058,20,False,21,0,0.0,12808
653,-296.175,4,True,5,0,0.0,12824
654,-2017.926,20,False,19,2,0.095,12840
655,-2066.25,20,False,19,2,0.095,12856
656,-2017.501,20,False,20,1,0.048,12896
657,-2008.517,20,False,21,0,0.0,12920
658,-2022.514,20,False,19,2,0.095,12920
659,-2015.113,20,False,21,0,0.0,12960
660,-2008.943,20,False,21,0,0.0,12968
661,-2011.488,20,False,21,0,0.0,12984
662,-2015.494,20,False,17,4,0.19,13000
663,-2012.165,20,False,21,0,0.0,13016
664,-2010.467,20,False,21,0,0.0,13056
665,-901.825,10,True,11,0,0.0,13064
666,-2014.645,20,False,21,0,0.0,13080
667,-2010.087,20,False,21,0,0.0,13080
668,-2018.636,20,False,21,0,0.0,13120
669,-2013.203,20,False,18,3,0.143,13128
670,-2028.759,20,False,21,0,0.0,13160
671,-2014.736,20,False,21,0,0.0,13176
672,-2008.014,20,False,19,2,0.095,13216
673,-2011.313,20,False,21,0,0.0,13224
674,-2009.68,20,False,21,0,0.0,13240
675,-2018.656,20,False,21,0,0.0,13240
676,-2015.933,20,False,20,1,0.048,13280
677,-2007.302,20,False,21,0,0.0,13288
678,-2015.68,20,False,20,1,0.048,13320
679,-2020.762,20,False,21,0,0.0,13336
680,-2028.675,20,False,21,0,0.0,13376
681,-2004.568,20,False,19,2,0.095,13384
682,-2014.966,20,False,19,2,0.095,13400
683,-2014.31,20,False,18,3,0.143,13400
684,-2011.3,20,False,21,0,0.0,13440
685,-2011.464,20,False,21,0,0.0,13448
686,-2009.524,20,False,21,0,0.0,13480
687,-2017.138,20,False,21,0,0.0,13496
688,-2007.525,20,False,21,0,0.0,13536
689,-2011.453,20,False,19,2,0.095,13544
690,-2010.659,20,False,21,0,0.0,13560
691,-2016.801,20,False,21,0,0.0,13560
692,-2013.248,20,False,20,1,0.048,13600
693,-2011.997,20,False,20,1,0.048,13608
694,-2007.88,20,False,20,1,0.048,13640
695,-2031.77,20,False,21,0,0.0,13656
696,-2028.846,20,False,21,0,0.0,13696
697,-2016.83,20,False,19,2,0.095,13704
698,-2027.824,20,False,20,1,0.048,13720
699,-2013.271,20,False,20,1,0.048,13720
700,-2014.227,20,False,20,1,0.048,13760
701,-2013.169,20,False,19,2,0.095,13768
702,-2009.711,20,False,21,0,0.0,13800
703,-2021.663,20,False,21,0,0.0,13816
704,-2017.513,20,False,21,0,0.0,13856
705,-2015.508,20,False,21,0,0.0,13864
706,-2051.339,20,False,21,0,0.0,13880
707,-2013.75,20,False,21,0,0.0,13880
708,-2006.695,20,False,21,0,0.0,13920
709,-2015.495,20,False,20,1,0.048,13928
710,-2030.621,20,False,21,0,0.0,13960
711,-2015.242,20,False,20,1,0.048,13976
712,-2013.551,20,False,19,2,0.095,14016
713,-2014.21,20,False,21,0,0.0,14024
714,-2014.646,20,False,20,1,0.048,14040
715,-2014.257,20,False,20,1,0.048,14040
716,-2014.933,20,False,21,0,0.0,14080
717,-2007.853,20,False,20,1,0.048,14088
718,-2040.697,20,False,20,1,0.048,14120
719,-2018.056,20,False,18,3,0.143,14136
720,-1399.852,15,True,16,0,0.0,14136
721,-2007.018,20,False,19,2,0.095,14184
722,-2009.62,20,False,20,1,0.048,14200
723,-2014.754,20,False,21,0,0.0,14200
724,-2021.341,20,False,21,0,0.0,14240
725,-2013.046,20,False,20,1,0.048,14248
726,-2014.137,20,False,21,0,0.0,14280
727,-2021.716,20,False,19,2,0.095,14296
728,-2026.522,20,False,21,0,0.0,14296
729,-2014.878,20,False,21,0,0.0,14344
730,-2016.997,20,False,21,0,0.0,14360
731,-2009.727,20,False,20,1,0.048,14360
732,-2013.157,20,False,20,1,0.048,14400
733,-2024.521,20,False,18,3,0.143,14408
734,-2032.633,20,False,20,1,0.048,14440
735,-2012.508,20,False,21,0,0.0,14456
736,-2020.493,20,False,20,1,0.048,14456
737,-2038.399,20,False,20,1,0.048,14504
738,-2013.319,20,False,20,1,0.048,14520
739,-2017.432,20,False,21,0,0.0,14520
740,-2017.622,20,False,21,0,0.0,14560
741,-2017.117,20,False,21,0,0.0,14568
742,-2042.423,20,False,21,0,0.0,14600
743,-2019.967,20,False,17,4,0.19,14616
744,-2017.574,20,False,20,1,0.048,14616
745,-2016.641,20,False,18,3,0.143,14664
746,-2014.875,20,False,21,0,0.0,14680
747,-2013.443,20,False,18,3,0.143,14680
748,-2013.623,20,False,19,2,0.095,14720
749,-2014.501,20,False,20,1,0.048,14728
750,-2042.218,20,False,21,0,0.0,14760
751,-2020.418,20,False,21,0,0.0,14776
752,-2014.91,20,False,20,1,0.048,14776
753,-2012.229,20,False,21,0,0.0,14824
754,-2009.203,20,False,21,0,0.0,14840
755,-2013.479,20,False,20,1,0.048,14840
756,-2012.434,20,False,18,3,0.143,14880
757,-2014.198,20,False,21,0,0.0,14888
758,-2057.243,20,False,18,3,0.143,14920
759,-2035.982,20,False,19,2,0.095,14936
760,-2008.046,20,False,21,0,0.0,14936
761,-296.655,4,True,5,0,0.0,14968
762,-2016.441,20,False,20,1,0.048,14984
763,-2049.23,20,False,19,2,0.095,15000
764,-2005.832,20,False,20,1,0.048,15000
765,-2031.39,20,False,20,1,0.048,15040
766,-2018.904,20,False,21,0,0.0,15048
767,-2021.586,20,False,20,1,0.048,15080
768,-2034.164,20,False,21,0,0.0,15096
769,-2014.112,20,False,20,1,0.048,15128
770,-2014.36,20,False,21,0,0.0,15144
771,-2040.548,20,False,21,0,0.0,15160
772,-2023.73,20,False,19,2,0.095,15160
773,-496.803,6,True,6,1,0.143,15192
774,-2035.401,20,False,19,2,0.095,15200
775,-2034.593,20,False,21,0,0.0,15208
776,-2012.852,20,False,21,0,0.0,15240
777,-2030.405,20,False,21,0,0.0,15256
778,-2051.068,20,False,21,0,0.0,15288
779,-2013.209,20,False,20,1,0.048,15320
780,-2017.992,20,False,20,1,0.048,15320
781,-2012.368,20,False,18,3,0.143,15352
782,-2012.661,20,False,20,1,0.048,15360
783,-2005.347,20,False,19,2,0.095,15368
784,-2010.67,20,False,19,2,0.095,15400
785,-2015.736,20,False,21,0,0.0,15416
786,-2013.728,20,False,21,0,0.0,15448
787,-2013.514,20,False,21,0,0.0,15480
788,-2013.162,20,False,21,0,0.0,15480
789,-2011.089,20,False,21,0,0.0,15512
790,-2010.456,20,False,21,0,0.0,15520
791,-2032.693,20,False,19,2,0.095,15528
792,-2036.558,20,False,20,1,0.048,15560
793,-2048.52,20,False,19,2,0.095,15576
794,-2013.909,20,False,21,0,0.0,15608
795,-2009.243,20,False,20,1,0.048,15640
796,-2013.215,20,False,19,2,0.095,15640
797,-2013.218,20,False,20,1,0.048,15672
798,-2009.04,20,False,21,0,0.0,15680
799,-2006.593,20,False,19,2,0.095,15688
800,-2022.823,20,False,20,1,0.048,15720
801,-2018.271,20,False,19,2,0.095,15736
802,-2011.59,20,False,21,0,0.0,15768
803,-2025.703,20,False,20,1,0.048,15800
804,-2011.952,20,False,20,1,0.048,15800
805,-1300.22,14,True,15,0,0.0,15800
806,-2018.3,20,False,21,0,0.0,15832
807,-2008.787,20,False,21,0,0.0,15840
808,-2008.812,20,False,19,2,0.095,15880
809,-2016.33,20,False,20,1,0.048,15896
810,-2036.989,20,False,21,0,0.0,15928
811,-2014.81,20,False,21,0,0.0,15960
812,-2014.884,20,False,19,2,0.095,15960
813,-2023.084,20,False,21,0,0.0,15960
814,-2015.253,20,False,21,0,0.0,15992
815,-2010.121,20,False,20,1,0.048,16000
816,-2050.529,20,False,21,0,0.0,16040
817,-2017.723,20,False,21,0,0.0,16056
818,-2012.774,20,False,20,1,0.048,16088
819,-2038.073,20,False,20,1,0.048,16120
820,-2032.014,20,False,20,1,0.048,16120
821,-2024.16,20,False,20,1,0.048,16120
822,-2043.763,20,False,21,0,0.0,16152
823,-2008.458,20,False,20,1,0.048,16160
824,-2013.058,20,False,20,1,0.048,16200
825,-2023.075,20,False,21,0,0.0,16216
826,-2024.351,20,False,19,2,0.095,16248
827,-2009.718,20,False,20,1,0.048,16280
828,-2070.202,20,False,17,4,0.19,16280
829,-2014.755,20,False,20,1,0.048,16280
830,-2011.003,20,False,21,0,0.0,16312
831,-2009.275,20,False,20,1,0.048,16320
832,-2002.856,20,False,18,3,0.143,16360
833,-2022.706,20,False,20,1,0.048,16376
834,-2010.171,20,False,21,0,0.0,16408
835,-2024.804,20,False,19,2,0.095,16440
836,-2005.603,20,False,21,0,0.0,16440
837,-2011.995,20,False,21,0,0.0,16440
838,-2058.058,20,False,21,0,0.0,16472
839,-2015.019,20,False,21,0,0.0,16480
840,-2013.717,20,False,21,0,0.0,16520
841,-2028.828,20,False,19,2,0.095,16536
842,-2014.64,20,False,21,0,0.0,16568
843,-2026.725,20,False,20,1,0.048,16600
844,-2011.786,20,False,20,1,0.048,16600
845,-2017.22,20,False,18,3,0.143,16600
846,-2013.925,20,False,20,1,0.048,16632
847,-2013.76,20,False,20,1,0.048,16640
848,-2013.214,20,False,21,0,0.0,16680
849,-2013.948,20,False,21,0,0.0,16696
850,-2017.596,20,False,21,0,0.0,16728
851,-2014.175,20,False,19,2,0.095,16760
852,-2011.086,20,False,21,0,0.0,16760
853,-2027.209,20,False,21,0,0.0,16760
854,-2009.153,20,False,20,1,0.048,16792
855,-2012.094,20,False,21,0,0.0,16800
856,-2017.823,20,False,20,1,0.048,16840
857,-2027.782,20,False,18,3,0.143,16856
858,-2017.845,20,False,20,1,0.048,16888
859,-2008.096,20,False,21,0,0.0,16920
860,-2013.952,20,False,20,1,0.048,16920
861,-2013.188,20,False,20,1,0.048,16920
862,-2016.191,20,False,21,0,0.0,16952
863,-2015.643,20,False,20,1,0.048,16960
864,-2020.122,20,False,20,1,0.048,17000
865,-2012.559,20,False,20,1,0.048,17016
866,-2024.591,20,False,20,1,0.048,17048
867,-2010.178,20,False,21,0,0.0,17080
868,-2056.453,20,False,17,4,0.19,17080
869,-2012.708,20,False,19,2,0.095,17080
870,-2015.362,20,False,21,0,0.0,17112
871,-2015.789,20,False,19,2,0.095,17120
872,-2022.474,20,False,19,2,0.095,17160
873,-2004.928,20,False,21,0,0.0,17176
874,-2008.416,20,False,19,2,0.095,17208
875,-2014.934,20,False,20,1,0.048,17240
876,-2007.985,20,False,21,0,0.0,17240
877,-2009.904,20,False,21,0,0.0,17240
878,-2015.106,20,False,18,3,0.143,17272
879,-2025.023,20,False,21,0,0.0,17280
880,-2008.643,20,False,20,1,0.048,17320
