iteration,Wdiff,Wnb,Wpo,Wbp,Cc,n_unsat,n_sat,all_sat,gain_db,ugbw,pm,f3db,pdc,is_valid,cache_status,timestamp
1,5.2,151.0,8.5,32.0,1.5,1,7,False,35.69537124116776,14901037.964574767,39.758210453887244,316745.85105568933,0.0002107960452029592,True,new-sim,2026-10-05 10:57:23
2,3.0,148.0,5.0,27.0,1.5,1,7,False,26.93547539920463,10718981.295308584,54.807884755036866,538854.49373464,0.00021092414941220201,True,new-sim,2026-10-05 10:57:26
3,1.2,165.0,1.0,34.0,1.5,1,7,False,5.916314043086905,1341653.1958318327,116.30126516220946,785032.9425262492,0.0002122414885566747,False,new-sim,2026-10-05 10:57:28
4,6.0,145.0,10.5,32.0,1.5,0,8,True,53.52630454577831,16586530.443397705,28.351055753261164,53295.61663085182,0.0001906391218920732,True,new-sim,2026-10-05 10:57:32
5,4.0,145.0,0.5,30.0,1.5,1,7,False,1.9128712084410615,682570.7441568237,140.75630384484793,916343.0591744124,0.00021295913573989657,False,new-sim,2026-10-05 10:57:33
6,2.8,146.0,10.0,25.0,1.5,0,8,True,51.396890950775436,15293339.131839776,32.54520854209005,59355.09073725406,0.00019989404179295147,True,new-sim,2026-10-05 10:57:34
7,1.0,164.0,4.5,40.0,1.5,1,7,False,17.83972198637153,5073014.323447677,82.80066108290623,659452.7919170477,0.00021142002110771142,False,new-sim,2026-10-05 10:57:36
8,3.2,171.0,7.5,29.0,1.5,1,7,False,35.71797295563116,13998963.41252999,41.183220540309804,292550.6744087522,0.00021073152546395766,True,new-sim,2026-10-05 10:57:38
9,0.4,173.0,6.0,28.0,1.5,1,7,False,27.24762915602146,7296521.772473913,64.69446858444402,338748.7461775077,0.00020984905521125963,True,new-sim,2026-10-05 10:57:40
10,0.4,152.0,3.0,34.0,1.5,1,7,False,13.524513962097311,2911772.5163732492,93.51205331127744,627439.1395669533,0.00021075612988600854,False,new-sim,2026-10-05 10:57:41
11,4.0,170.0,2.0,28.0,1.5,1,7,False,15.034498492857,4748683.529973106,85.20385283130122,854005.9709859354,0.0002133236173920086,False,new-sim,2026-10-05 10:57:42
12,1.4,168.0,5.0,24.0,1.5,1,7,False,29.741041664879432,10458967.362974329,52.218077065776185,391610.5519606163,0.00021017331840021065,True,new-sim,2026-10-05 10:57:43
13,3.8,146.0,9.0,29.0,1.5,0,8,True,44.613167909950874,15750707.805928,34.40047834694391,129583.22800947959,0.00020829940730072335,True,new-sim,2026-10-05 10:57:45
14,2.8,173.0,8.0,27.0,1.5,0,8,True,43.23168951063826,14944563.497820437,36.06010237092161,141411.2261686811,0.0002090851862857857,True,new-sim,2026-10-05 10:57:47
15,3.8,161.0,10.0,37.0,1.5,1,7,False,35.453004941494875,14488139.17413588,42.14577193312053,309164.0279840455,0.00021092406354963737,True,new-sim,2026-10-05 10:57:49
16,4.8,161.0,6.5,39.0,1.5,1,7,False,24.029320885252798,10088330.237525782,62.84174315296352,675161.6124690262,0.0002126681189454168,True,new-sim,2026-10-05 10:57:50
17,4.0,153.0,3.5,23.0,1.5,1,7,False,24.30346467393551,9677428.544552231,58.493076061374495,640313.370089826,0.0002116727003393613,True,new-sim,2026-10-05 10:57:53
18,0.4,158.0,4.5,26.0,1.5,1,7,False,22.9705404910653,5959476.5697207665,71.90360471943558,439593.5058120434,0.00020981680471540587,True,new-sim,2026-10-05 10:57:54
19,0.4,151.0,7.5,36.0,1.5,1,7,False,25.161878876555765,6765890.555078206,69.5249354780224,391103.2384399596,0.00020957891428563066,True,new-sim,2026-10-05 10:57:56
20,4.0,173.0,7.0,38.0,1.5,1,7,False,25.687100122678576,10782261.204340074,59.109760878451425,609256.9641314658,0.00021264453425279555,True,new-sim,2026-10-05 10:57:57
21,1.6,175.0,10.5,29.0,1.5,0,8,True,52.45517966539153,13567927.280605467,33.46559542180893,46161.76633665248,0.00018369341530916671,True,new-sim,2026-10-05 10:57:58
22,6.4,145.0,9.0,26.0,1.5,0,8,True,49.152766878303694,16867106.449138276,30.211171927075185,87193.02926760899,0.00020630191173469435,True,new-sim,2026-10-05 10:58:00
23,6.4,157.0,10.5,27.0,1.5,0,8,True,53.61947463174765,16070591.10057322,25.93252573989787,52753.42167023482,0.00018307229792569884,True,new-sim,2026-10-05 10:58:01
24,1.8,157.0,8.5,23.0,1.5,0,8,True,50.27982297896075,14216747.845151503,35.04876819991307,60801.20950513879,0.0002012823556570323,True,new-sim,2026-10-05 10:58:02
25,2.0,175.0,10.0,20.0,1.5,0,8,True,52.39930511200099,14006007.507154826,31.502014203242254,49139.52949152196,0.00018948406161484118,True,new-sim,2026-10-05 10:58:04
26,0.4,175.0,10.5,24.0,1.5,0,8,True,49.1922884944792,9281397.831081858,42.89494006801485,41154.630918935305,0.00017343630414877483,True,new-sim,2026-10-05 10:58:05
27,6.4,145.0,9.0,20.0,1.5,0,8,True,52.78084335200564,16359810.7613064,26.968721945273074,58272.15575549614,0.00019542759498458317,True,new-sim,2026-10-05 10:58:07
28,0.6,173.0,9.0,30.0,1.5,0,8,True,42.06515629322712,10962261.028468024,47.80904271885291,104859.95450114003,0.0002074455889284449,True,new-sim,2026-10-05 10:58:07
29,0.4,175.0,9.5,25.0,1.5,0,8,True,47.61682414895918,9900690.693245376,48.328894907018224,49899.519154945694,0.00020000066465588364,True,new-sim,2026-10-05 10:58:09
30,0.4,145.0,10.5,28.0,1.5,0,8,True,49.46232888705274,9561250.357716609,45.08504288855053,40218.847972738055,0.00017999271542140985,True,new-sim,2026-10-05 10:58:11
31,1.2,156.0,9.5,34.0,1.5,0,8,True,37.71607898950209,12399573.50028188,45.799058128568674,198563.2614100033,0.00020879282458237446,True,new-sim,2026-10-05 10:58:13
32,6.4,175.0,8.5,20.0,1.5,0,8,True,52.4149232728006,16467429.398554647,27.322307340991443,60931.0630777683,0.00019836277482981313,True,new-sim,2026-10-05 10:58:15
33,5.2,155.0,10.5,26.0,1.5,0,8,True,53.47267813001455,15583384.281559888,26.175518068915835,51854.657559747226,0.0001807632121743632,True,new-sim,2026-10-05 10:58:17
34,4.4,172.0,10.5,23.0,1.5,0,8,True,53.13985746991116,14836721.843060777,25.13042734074054,52026.16850382965,0.00017502271822614953,True,new-sim,2026-10-05 10:58:18
35,0.4,145.0,8.0,20.0,1.5,0,8,True,48.296800477194274,9711352.419192906,46.63594309401256,45950.923443111045,0.00019541878902284616,True,new-sim,2026-10-05 10:58:20
36,6.4,145.0,9.0,40.0,1.5,1,7,False,29.303885063348744,13209073.04117224,49.95304808663357,525017.2345616419,0.00021186746106566725,True,new-sim,2026-10-05 10:58:24
37,0.4,175.0,9.5,30.0,1.5,0,8,True,43.308643469290864,9837751.093682794,51.01175755124862,79439.51473404921,0.0002065157409128699,True,new-sim,2026-10-05 10:58:25
38,0.4,175.0,9.0,30.0,1.5,0,8,True,40.914698805776595,9656782.370676566,52.02343682985361,101707.94229979505,0.00020752964003210723,True,new-sim,2026-10-05 10:58:27
39,0.4,175.0,9.0,30.0,1.5,0,8,True,40.914698805776595,9656782.370676566,52.02343682985361,101707.94229979505,0.00020752964003210723,True,cache-hit,2026-10-05 10:58:28
40,0.8,175.0,9.0,30.0,1.5,0,8,True,42.578005970502765,11849145.35626872,45.14369697944767,109672.16358134447,0.00020769785771236146,True,new-sim,2026-10-05 10:58:30
41,0.4,175.0,9.0,30.0,1.5,0,8,True,40.914698805776595,9656782.370676566,52.02343682985361,101707.94229979505,0.00020752964003210723,True,cache-hit,2026-10-05 10:58:31
42,0.4,175.0,9.0,30.0,1.5,0,8,True,40.914698805776595,9656782.370676566,52.02343682985361,101707.94229979505,0.00020752964003210723,True,cache-hit,2026-10-05 10:58:31
43,0.4,175.0,9.0,31.0,1.5,0,8,True,38.81405440956407,9472343.307093496,53.271245951811466,125793.19793994566,0.0002081519019558117,True,new-sim,2026-10-05 10:58:32
44,6.4,145.0,9.0,31.0,1.5,0,8,True,39.896168836337615,16076621.08497774,35.15550375575893,223745.7843658473,0.0002101545204234282,True,new-sim,2026-10-05 10:58:33
45,0.4,145.0,9.0,31.0,1.5,0,8,True,38.62603868009608,9430544.289402498,53.39269772621381,127745.25201310944,0.00020716000313915142,True,new-sim,2026-10-05 10:58:35
46,4.0,145.0,9.0,31.0,1.5,0,8,True,40.295466972624666,15354398.395800827,36.77156904038648,200747.85121051496,0.0002094377419185417,True,new-sim,2026-10-05 10:58:39
47,6.0,145.0,9.0,31.0,1.5,0,8,True,39.9543319254036,15987068.827857459,35.356298040548666,220386.64532284118,0.00021005627922867186,True,new-sim,2026-10-05 10:58:40
48,6.2,145.0,9.0,31.0,1.5,0,8,True,39.92486799425564,16032838.652848542,35.25359564263755,222084.79154964452,0.00021010620997766898,True,new-sim,2026-10-05 10:58:41
49,6.4,145.0,9.0,31.0,1.5,0,8,True,39.896168836337615,16076621.08497774,35.15550375575893,223745.7843658473,0.0002101545204234282,True,cache-hit,2026-10-05 10:58:42
50,6.4,145.0,9.0,31.0,1.5,0,8,True,39.896168836337615,16076621.08497774,35.15550375575893,223745.7843658473,0.0002101545204234282,True,cache-hit,2026-10-05 10:58:42
51,6.0,147.0,9.0,31.0,1.5,0,8,True,39.96878915799534,15993501.114016915,35.34518067035637,220143.99982930644,0.00021013259966615755,True,new-sim,2026-10-05 10:58:44
52,6.4,145.0,9.0,31.0,1.5,0,8,True,39.896168836337615,16076621.08497774,35.15550375575893,223745.7843658473,0.0002101545204234282,True,cache-hit,2026-10-05 10:58:44
53,5.8,145.0,9.0,31.0,1.5,0,8,True,39.98457255391473,15939145.975248829,35.464043034955296,218648.71394851097,0.0002100046215346146,True,new-sim,2026-10-05 10:58:45
54,2.6,145.0,9.0,32.0,1.5,0,8,True,38.586346623415416,14267300.556586154,40.20459543480604,218043.14339750863,0.0002091796540741672,True,new-sim,2026-10-05 10:58:47
55,4.0,160.0,9.0,32.0,1.5,1,7,False,38.448791796778984,15089230.391040722,38.27149025322913,238834.1769561618,0.00021035487480256331,True,new-sim,2026-10-05 10:58:55
56,0.4,156.0,10.5,20.0,1.5,0,8,True,48.638022709930326,8889894.21677678,40.24983235007397,43171.318975770984,0.00016490420673869206,True,new-sim,2026-10-05 10:58:57
57,6.0,173.0,9.0,20.0,1.5,0,8,True,52.742332773663705,16289415.441833744,27.190771801865253,58150.858422259196,0.00019601072967005657,True,new-sim,2026-10-05 10:59:01
58,5.4,155.0,10.5,40.0,1.5,0,8,True,52.404304186880935,17070149.571213465,31.452091662741736,59937.00420454349,0.00020080672235556245,True,new-sim,2026-10-05 10:59:05
59,6.4,175.0,10.5,40.0,1.5,0,8,True,52.45762402260841,17407248.041782167,30.80061112525351,61301.63910409161,0.00020174568743113632,True,new-sim,2026-10-05 10:59:06
60,2.2,159.0,10.5,20.0,1.5,0,8,True,52.09957330118677,13008419.786392257,26.375998389136555,50500.23952282133,0.00016692966810798244,True,new-sim,2026-10-05 10:59:08
61,6.0,165.0,10.5,20.0,1.5,0,8,True,52.929178153238055,14734010.587788798,22.04412873447683,55194.671485889,0.00016926556308929837,True,new-sim,2026-10-05 10:59:09
62,2.6,168.0,10.5,20.0,1.5,0,8,True,52.27202492866204,13345937.63865864,25.487484020276924,51394.99632556938,0.00016744737803556933,True,new-sim,2026-10-05 10:59:11
63,6.4,175.0,0.5,20.0,1.5,1,7,False,5.764956804743104,1605678.8711039214,114.20526132910555,959458.9328379291,0.00021437585922621852,False,new-sim,2026-10-05 10:59:14
64,1.8,149.0,10.5,20.0,1.5,0,8,True,51.865084400386365,12587012.951045154,27.52904617928803,49370.50615087525,0.00016632833197423742,True,new-sim,2026-10-05 10:59:16
65,0.4,147.0,10.5,31.0,1.5,0,8,True,49.47357171291169,9739620.625188414,46.47076207363003,40354.3768212915,0.0001848237623900957,True,new-sim,2026-10-05 10:59:17
66,4.8,162.0,10.5,20.0,1.5,0,8,True,52.78813738560517,14395019.545513293,22.84644450084332,54148.34278633766,0.00016870428915007247,True,new-sim,2026-10-05 10:59:18
67,3.2,152.0,10.5,20.0,1.5,0,8,True,52.48758360642222,13714179.986444985,24.508023216948033,52170.25028215758,0.00016760297164988795,True,new-sim,2026-10-05 10:59:19
68,6.2,155.0,8.5,20.0,1.5,0,8,True,52.409682860097135,16388302.753748177,27.457368094344076,60521.70089571346,0.00019777444772597138,True,new-sim,2026-10-05 10:59:26
69,2.2,155.0,10.5,33.0,1.5,0,8,True,52.748220743175544,14690599.718725571,33.25989168323443,48455.02306310163,0.00019003427277933062,True,new-sim,2026-10-05 10:59:27
70,1.6,163.0,8.0,20.0,1.5,0,8,True,51.11958621923611,13712090.399381088,34.43416674410557,53673.59635742755,0.00019725134071514204,True,new-sim,2026-10-05 10:59:28
71,6.4,160.0,8.0,20.0,1.5,0,8,True,51.917508082450794,16503640.445409305,27.70765926922371,64314.13637745106,0.0002001817484846748,True,new-sim,2026-10-05 10:59:30
72,5.4,163.0,0.5,20.0,1.5,1,7,False,5.764648973792105,1572098.0317734308,114.35491952184759,939311.1954490928,0.00021373474389137822,False,new-sim,2026-10-05 10:59:31
73,1.2,145.0,9.5,28.0,1.5,0,8,True,47.88476401750071,13284380.377888953,39.66268651246622,70958.35534544158,0.00020421863337531133,True,new-sim,2026-10-05 10:59:32
74,6.4,173.0,9.5,26.0,1.5,0,8,True,50.354686545081435,16960724.099432487,29.795358952835045,76879.44324724376,0.00020565309605543767,True,new-sim,2026-10-05 10:59:33
75,0.4,173.0,10.5,36.0,1.5,0,8,True,49.1830352780616,9982127.968206557,48.40440256817777,41944.1127469851,0.00019245962974420478,True,new-sim,2026-10-05 10:59:34
76,3.8,157.0,10.5,40.0,1.5,0,8,True,52.25921762925722,16398254.52729489,32.89347242136188,57516.21615971909,0.00020006840181153418,True,new-sim,2026-10-05 10:59:36
77,6.4,148.0,8.5,20.0,1.5,0,8,True,52.42614353487489,16441058.003561663,27.319240776337864,60706.88131356373,0.0001976452965577528,True,new-sim,2026-10-05 10:59:37
78,1.4,145.0,9.5,22.0,1.5,0,8,True,51.43203837571885,13405514.09974967,35.44839892984231,50071.8918109756,0.00019457850168297253,True,new-sim,2026-10-05 10:59:38
79,6.4,157.0,0.5,40.0,1.5,1,7,False,-0.6910894381048339,0.0,0.0,970566.5308633678,0.00021419312730800114,False,new-sim,2026-10-05 10:59:40
80,6.4,158.0,9.0,20.0,1.5,0,8,True,52.77106937047946,16371088.012041906,26.977352720577528,58389.72892586481,0.00019578547987206317,True,new-sim,2026-10-05 10:59:44
81,0.4,175.0,10.5,35.0,1.5,0,8,True,49.26469924565829,9944585.175382707,48.048416894304864,41539.86090460428,0.0001911879165533051,True,new-sim,2026-10-05 10:59:47
82,5.2,166.0,8.5,20.0,1.5,0,8,True,52.34987181420361,16117146.04458771,28.09503228953656,59423.74885039405,0.00019766446275399068,True,new-sim,2026-10-05 10:59:48
83,1.0,175.0,7.5,22.0,1.5,0,8,True,48.490422025398516,12603033.803657124,39.501237638130505,62908.00517833543,0.0002029617265696454,True,new-sim,2026-10-05 10:59:50
84,0.4,171.0,10.5,20.0,1.5,0,8,True,48.617039669262155,8896104.573864816,40.241977373300045,43321.08785376444,0.00016516061820771326,True,new-sim,2026-10-05 10:59:51
85,6.4,175.0,5.0,20.0,1.5,1,7,False,36.945061931849025,14881660.250576977,34.59262789736485,289787.21723129926,0.00021112758253510883,True,new-sim,2026-10-05 10:59:53
86,0.4,175.0,10.5,21.0,1.5,0,8,True,48.805086016913734,9003909.427543346,40.95634708274454,42576.29029086168,0.00016738589710508302,True,new-sim,2026-10-05 10:59:54
87,6.2,175.0,0.5,40.0,1.5,1,7,False,-0.685835477179574,0.0,0.0,969459.1534207984,0.00021479923589311244,False,new-sim,2026-10-05 10:59:56
88,0.4,174.0,8.0,24.0,1.5,0,8,True,45.73273625753022,9833559.461228125,49.00213325329088,61100.62604086536,0.0002037636449259714,True,new-sim,2026-10-05 10:59:58
89,1.0,145.0,0.5,37.0,1.5,1,7,False,-0.9549730458798622,0.0,0.0,757026.1295691719,0.0002114910655336008,False,new-sim,2026-10-05 10:59:59
90,0.4,156.0,8.5,40.0,1.5,1,7,False,25.140034078988197,6793933.14344824,70.07576693621809,392958.367601062,0.00020985123519961076,True,new-sim,2026-10-05 11:00:01
91,2.6,158.0,9.5,20.0,1.5,0,8,True,52.51338958213178,14642889.402337112,30.440845352644516,51398.96910861978,0.00019165720066075494,True,new-sim,2026-10-05 11:00:02
92,1.8,145.0,8.0,21.0,1.5,0,8,True,50.748276516359745,14076666.591458047,34.308739655262,57577.15863606474,0.00019914772638337814,True,new-sim,2026-10-05 11:00:04
93,2.0,145.0,10.5,34.0,1.5,0,8,True,52.591292971574724,14533601.959284566,34.19701654340915,48225.694707194,0.00019096027855844975,True,new-sim,2026-10-05 11:00:05
94,6.0,175.0,0.5,25.0,1.5,1,7,False,3.652246738956233,1108498.8775395388,126.61713009794437,961808.7204238477,0.0002144786393256894,False,new-sim,2026-10-05 11:00:07
95,4.8,145.0,9.5,33.0,1.5,0,8,True,39.09151751069838,15540706.371293513,37.18604402769597,231369.97910479843,0.00020997271751416758,True,new-sim,2026-10-05 11:00:09
96,0.4,175.0,8.5,32.0,1.5,1,7,False,33.888858886749105,8825789.963485517,57.134703155690005,200296.1529337888,0.00020911163847144536,True,new-sim,2026-10-05 11:00:11
97,2.2,157.0,10.0,20.0,1.5,0,8,True,52.50944581718694,14203140.117553005,30.97629299001099,49535.09605873672,0.00018928059208195197,True,new-sim,2026-10-05 11:00:13
98,3.4,175.0,7.0,20.0,1.5,0,8,True,50.095732988121505,15449175.527625864,31.043140539570516,71060.5460092141,0.00020367895903879193,True,new-sim,2026-10-05 11:00:16
99,2.4,145.0,7.0,20.0,1.5,0,8,True,49.92829849837654,14683290.784392081,32.83147145557763,67174.3910894739,0.0002020923969533408,True,new-sim,2026-10-05 11:00:18
100,6.0,175.0,9.0,22.0,1.5,0,8,True,52.03840252982321,16563871.953951824,28.361853663939,63194.08350928799,0.000200475885642624,True,new-sim,2026-10-05 11:00:19
1,2.6,148.0,9.5,33.0,1.5,0,8,True,39.50605475077382,14461664.567445325,39.68141609812045,200492.87240761658,0.00020917779122252322,True,new-sim,2026-10-05 11:00:21
2,3.2,155.0,8.0,26.0,1.5,0,8,True,45.29570568665707,15359433.373869032,34.35949143099472,117018.87048240105,0.0002079494651545956,True,new-sim,2026-10-05 11:00:22
3,4.4,166.0,8.5,24.0,1.5,0,8,True,49.947057251851284,16186374.623671442,30.985914214940806,75655.23688697955,0.00020501058924913697,True,new-sim,2026-10-05 11:00:24
4,5.6,169.0,9.0,23.0,1.5,0,8,True,51.526971528894386,16543117.246511852,29.157635748355716,66109.24123415277,0.0002021016721387725,True,new-sim,2026-10-05 11:00:25
5,4.4,147.0,9.5,33.0,1.5,0,8,True,39.17163338503745,15408026.716520507,37.483659192569746,226817.64424117256,0.0002099191116677364,True,new-sim,2026-10-05 11:00:26
6,0.6,164.0,9.0,23.0,1.5,0,8,True,49.14552390079897,11103175.776855418,43.45030387844528,49224.239006618016,0.0001979523101652635,True,new-sim,2026-10-05 11:00:32
7,1.4,146.0,8.0,26.0,1.5,0,8,True,45.2763195139715,13456369.875359045,39.117670629926636,97343.30485743578,0.00020629309883452506,True,new-sim,2026-10-05 11:00:33
8,3.2,154.0,7.5,40.0,1.5,1,7,False,25.70184196071851,10484194.761814695,60.25142613121389,588379.6982389687,0.0002117038087125146,True,new-sim,2026-10-05 11:00:34
9,4.6,152.0,7.5,30.0,1.5,1,7,False,33.972681678751904,14167241.637920184,41.839090705572204,357699.15056545846,0.00021083920280457946,True,new-sim,2026-10-05 11:00:36
10,4.8,152.0,8.5,38.0,1.5,1,7,False,29.4208185353575,12825552.429863213,50.37853150468658,502647.62032045337,0.00021170477320505552,True,new-sim,2026-10-05 11:00:37
11,2.8,154.0,10.5,38.0,1.5,0,8,True,52.44109358874815,15623537.592488902,33.72764737458084,53056.837152721586,0.00019704543392622006,True,new-sim,2026-10-05 11:00:38
12,2.8,159.0,10.5,23.0,1.5,0,8,True,52.79294101731665,14014401.51645664,27.099270852351054,49801.18155819335,0.00017373766131147588,True,new-sim,2026-10-05 11:00:40
13,5.6,175.0,9.0,24.0,1.5,0,8,True,50.92389363605882,16630424.65859004,29.65975528067409,70858.89750187422,0.00020401274263008926,True,new-sim,2026-10-05 11:00:46
14,2.2,148.0,7.5,29.0,1.5,1,7,False,35.65485477985514,13216542.267074991,43.13829621615872,273316.71323422086,0.00020941200762809455,True,new-sim,2026-10-05 11:00:49
15,1.0,149.0,9.5,38.0,1.5,1,7,False,31.925080299193908,10736827.282429239,53.871527246421806,310890.79399528063,0.0002092705260951474,True,new-sim,2026-10-05 11:00:51
16,1.4,148.0,10.0,22.0,1.5,0,8,True,51.68687330756206,13354906.343722735,35.08988611568412,48596.53746840597,0.00019273351005588454,True,new-sim,2026-10-05 11:00:52
17,5.6,168.0,9.5,26.0,1.5,0,8,True,50.34503638016217,16730426.655233273,30.29576305008024,75402.2166997917,0.0002052355163801121,True,new-sim,2026-10-05 11:00:53
18,6.2,171.0,10.0,37.0,1.5,1,7,False,35.271660856315535,15261269.128594672,40.387903160630515,337572.8823315711,0.00021196109436894073,True,new-sim,2026-10-05 11:00:54
19,5.6,171.0,8.5,35.0,1.5,1,7,False,32.02781717278132,14035242.974152075,44.73469248772756,428704.8535020383,0.0002122005560654682,True,new-sim,2026-10-05 11:00:56
20,5.8,148.0,7.5,38.0,1.5,1,7,False,26.87687955607411,11865812.813504644,55.09557474299123,598653.4086748365,0.00021209741081172146,True,new-sim,2026-10-05 11:00:58
21,1.4,149.0,8.0,20.0,1.5,0,8,True,50.964006076610346,13353240.455709312,35.357992263544105,52606.20483324398,0.00019662050143801367,True,new-sim,2026-10-05 11:01:00
22,0.4,145.0,10.5,30.0,1.5,0,8,True,49.48561835861846,9682987.958461797,46.02961300493712,40242.44867846909,0.00018323167608023456,True,new-sim,2026-10-05 11:01:04
23,1.6,148.0,9.5,29.0,1.5,0,8,True,46.995933053243924,14042644.551545901,38.18474516198003,84264.1600881437,0.00020585412870791005,True,new-sim,2026-10-05 11:01:06
24,0.4,174.0,9.5,20.0,1.5,0,8,True,49.087632196783645,9627752.495649818,45.41612961023705,42088.82436951591,0.00018960584562749324,True,new-sim,2026-10-05 11:01:07
25,2.4,145.0,8.5,20.0,1.5,0,8,True,51.932633021838,14590407.156139467,31.63659313394612,53869.47868881441,0.0001953687461140249,True,new-sim,2026-10-05 11:01:08
26,4.8,171.0,10.5,33.0,1.5,0,8,True,53.32689890028285,16330587.53536938,29.576015309821344,52857.6748113614,0.0001922254052207652,True,new-sim,2026-10-05 11:01:12
27,6.4,175.0,9.0,31.0,1.5,0,8,True,40.08867768412025,16162624.620933179,35.001102375655876,220494.4457421389,0.00021119401920162474,True,new-sim,2026-10-05 11:01:14
28,6.4,175.0,9.5,31.0,1.5,0,8,True,43.00334509886687,16595232.486263953,33.31864807540711,166037.89205818786,0.00021060192649240386,True,new-sim,2026-10-05 11:01:15
29,6.4,145.0,8.0,23.0,1.5,0,8,True,49.66578343652913,16710432.267675705,29.42304022214637,82271.86910780404,0.0002053342333959824,True,new-sim,2026-10-05 11:01:17
30,5.0,150.0,10.5,29.0,1.5,0,8,True,53.50893894418889,15925389.51723044,27.775452201644242,51656.86722174553,0.0001857007135643238,True,new-sim,2026-10-05 11:01:18
31,0.4,145.0,9.0,30.0,1.5,0,8,True,40.72725327631864,9617991.540832974,52.115971221369676,103359.20026792704,0.0002065648978084716,True,new-sim,2026-10-05 11:01:20
32,0.4,145.0,9.5,31.0,1.5,0,8,True,41.46682591607718,9697162.47875012,51.92390885241278,95857.6030511106,0.0002063739691804617,True,new-sim,2026-10-05 11:01:21
33,0.8,155.0,10.5,30.0,1.5,0,8,True,51.286978030641144,11760218.28971002,39.20413595458018,42694.644627128975,0.00018368548490007737,True,new-sim,2026-10-05 11:01:22
34,6.4,159.0,9.5,31.0,1.5,0,8,True,42.898288162432046,16554040.817710511,33.380856220949994,167411.2175420856,0.00021008639422342315,True,new-sim,2026-10-05 11:01:23
35,6.4,145.0,9.5,31.0,1.5,0,8,True,42.82347879761076,16518379.170696981,33.432781813604635,168313.0420238098,0.00020957885353515925,True,new-sim,2026-10-05 11:01:25
36,6.4,175.0,9.5,31.0,1.5,0,8,True,43.00334509886687,16595232.486263953,33.31864807540711,166037.89205818786,0.00021060192649240386,True,cache-hit,2026-10-05 11:01:26
37,1.0,161.0,10.5,30.0,1.5,0,8,True,51.72328679911239,12404623.25391997,37.3339283211493,43790.82664038064,0.0001841356718188882,True,new-sim,2026-10-05 11:01:27
38,0.6,167.0,10.5,30.0,1.5,0,8,True,50.60712326523377,10923468.129427051,41.84026491392174,41640.675228650034,0.00018368869956886998,True,new-sim,2026-10-05 11:01:30
39,6.4,175.0,9.5,31.0,1.5,0,8,True,43.00334509886687,16595232.486263953,33.31864807540711,166037.89205818786,0.00021060192649240386,True,cache-hit,2026-10-05 11:01:30
40,0.4,167.0,10.5,30.0,1.5,0,8,True,49.45849577500341,9696064.216299636,46.01946575090534,40424.84386802311,0.00018373061942042633,True,new-sim,2026-10-05 11:01:31
41,6.4,175.0,9.5,31.0,1.5,0,8,True,43.00334509886687,16595232.486263953,33.31864807540711,166037.89205818786,0.00021060192649240386,True,cache-hit,2026-10-05 11:01:31
42,6.4,175.0,9.5,31.0,1.5,0,8,True,43.00334509886687,16595232.486263953,33.31864807540711,166037.89205818786,0.00021060192649240386,True,cache-hit,2026-10-05 11:01:31
43,5.8,162.0,9.5,31.0,1.5,0,8,True,43.02041041389345,16417545.78395592,33.69051677162594,163234.66030065113,0.00021002534477829686,True,new-sim,2026-10-05 11:01:32
44,6.4,175.0,9.5,31.0,1.5,0,8,True,43.00334509886687,16595232.486263953,33.31864807540711,166037.89205818786,0.00021060192649240386,True,cache-hit,2026-10-05 11:01:33
45,6.4,175.0,9.5,31.0,1.5,0,8,True,43.00334509886687,16595232.486263953,33.31864807540711,166037.89205818786,0.00021060192649240386,True,cache-hit,2026-10-05 11:01:33
46,0.8,159.0,10.5,30.0,1.5,0,8,True,51.28267044980503,11763804.65149596,39.20203832666405,42732.62510900466,0.0001837767922238826,True,new-sim,2026-10-05 11:01:34
47,5.6,168.0,9.5,31.0,1.5,0,8,True,43.095320913305756,16379911.906237582,33.78542502126672,161390.169114609,0.00021016267639560414,True,new-sim,2026-10-05 11:01:35
48,6.4,175.0,7.0,20.0,1.5,0,8,True,50.17224167108385,16555305.696919216,28.46810842643626,77994.30722350751,0.0002050167742178805,True,new-sim,2026-10-05 11:01:36
49,5.0,175.0,9.5,30.0,1.5,0,8,True,45.29216496863902,16405154.410480632,33.12334439519441,127071.85978197913,0.00020954494695812076,True,new-sim,2026-10-05 11:01:39
50,6.4,175.0,9.5,30.0,1.5,0,8,True,45.09372393269169,16796944.1497039,32.248636371628095,134333.69518336453,0.00020997406163884646,True,new-sim,2026-10-05 11:01:39
51,6.4,175.0,9.5,30.0,1.5,0,8,True,45.09372393269169,16796944.1497039,32.248636371628095,134333.69518336453,0.00020997406163884646,True,cache-hit,2026-10-05 11:01:40
52,6.4,175.0,9.5,31.0,1.5,0,8,True,43.00334509886687,16595232.486263953,33.31864807540711,166037.89205818786,0.00021060192649240386,True,cache-hit,2026-10-05 11:01:40
53,6.4,175.0,9.5,31.0,1.5,0,8,True,43.00334509886687,16595232.486263953,33.31864807540711,166037.89205818786,0.00021060192649240386,True,cache-hit,2026-10-05 11:01:40
54,6.4,175.0,9.5,31.0,1.5,0,8,True,43.00334509886687,16595232.486263953,33.31864807540711,166037.89205818786,0.00021060192649240386,True,cache-hit,2026-10-05 11:01:41
55,6.4,175.0,9.5,31.0,1.5,0,8,True,43.00334509886687,16595232.486263953,33.31864807540711,166037.89205818786,0.00021060192649240386,True,cache-hit,2026-10-05 11:01:41
56,6.4,175.0,9.5,31.0,1.5,0,8,True,43.00334509886687,16595232.486263953,33.31864807540711,166037.89205818786,0.00021060192649240386,True,cache-hit,2026-10-05 11:01:41
57,6.4,175.0,9.5,31.0,1.5,0,8,True,43.00334509886687,16595232.486263953,33.31864807540711,166037.89205818786,0.00021060192649240386,True,cache-hit,2026-10-05 11:01:41
58,6.4,175.0,9.5,31.0,1.5,0,8,True,43.00334509886687,16595232.486263953,33.31864807540711,166037.89205818786,0.00021060192649240386,True,cache-hit,2026-10-05 11:01:42
59,6.4,175.0,9.5,31.0,1.5,0,8,True,43.00334509886687,16595232.486263953,33.31864807540711,166037.89205818786,0.00021060192649240386,True,cache-hit,2026-10-05 11:01:42
60,6.4,175.0,9.5,31.0,1.5,0,8,True,43.00334509886687,16595232.486263953,33.31864807540711,166037.89205818786,0.00021060192649240386,True,cache-hit,2026-10-05 11:01:42
61,6.4,175.0,9.5,31.0,1.5,0,8,True,43.00334509886687,16595232.486263953,33.31864807540711,166037.89205818786,0.00021060192649240386,True,cache-hit,2026-10-05 11:01:43
62,6.4,175.0,9.5,31.0,1.5,0,8,True,43.00334509886687,16595232.486263953,33.31864807540711,166037.89205818786,0.00021060192649240386,True,cache-hit,2026-10-05 11:01:43
63,5.2,172.0,9.5,31.0,1.5,0,8,True,43.19286518176598,16275055.315524405,34.0263736477078,158287.14951330388,0.00021016588782721122,True,new-sim,2026-10-05 11:01:45
64,6.4,175.0,9.5,31.0,1.5,0,8,True,43.00334509886687,16595232.486263953,33.31864807540711,166037.89205818786,0.00021060192649240386,True,cache-hit,2026-10-05 11:01:45
65,6.4,175.0,9.5,31.0,1.5,0,8,True,43.00334509886687,16595232.486263953,33.31864807540711,166037.89205818786,0.00021060192649240386,True,cache-hit,2026-10-05 11:01:45
66,1.8,174.0,10.5,30.0,1.5,0,8,True,52.60663109137023,13960884.952854708,33.169744838237705,46833.52497917494,0.00018552722515530608,True,new-sim,2026-10-05 11:01:47
67,6.4,175.0,9.5,31.0,1.5,0,8,True,43.00334509886687,16595232.486263953,33.31864807540711,166037.89205818786,0.00021060192649240386,True,cache-hit,2026-10-05 11:01:47
68,0.4,145.0,10.5,40.0,1.5,0,8,True,48.67687096925258,10084794.593424737,49.71437498702136,44440.127530737394,0.0001965098360667861,True,new-sim,2026-10-05 11:01:50
69,6.4,175.0,9.5,31.0,1.5,0,8,True,43.00334509886687,16595232.486263953,33.31864807540711,166037.89205818786,0.00021060192649240386,True,cache-hit,2026-10-05 11:01:50
70,6.4,160.0,9.5,31.0,1.5,0,8,True,42.90536431621841,16556811.237774432,33.37677335935385,167317.05252440894,0.00021012023680469136,True,new-sim,2026-10-05 11:01:52
71,6.4,175.0,9.5,31.0,1.5,0,8,True,43.00334509886687,16595232.486263953,33.31864807540711,166037.89205818786,0.00021060192649240386,True,cache-hit,2026-10-05 11:01:52
72,3.0,149.0,10.5,31.0,1.5,0,8,True,53.125996754456835,15184330.446968086,30.828944419496537,49494.66424337513,0.0001876317859364409,True,new-sim,2026-10-05 11:01:53
73,6.4,175.0,9.5,31.0,1.5,0,8,True,43.00334509886687,16595232.486263953,33.31864807540711,166037.89205818786,0.00021060192649240386,True,cache-hit,2026-10-05 11:01:54
74,1.0,153.0,10.5,31.0,1.5,0,8,True,51.720068546314614,12479304.603807854,37.77911934045139,43837.69439265419,0.0001854990725014089,True,new-sim,2026-10-05 11:01:57
75,1.4,155.0,10.5,32.0,1.5,0,8,True,52.242092082723104,13477133.37114608,35.68564698948549,45730.27319542194,0.00018764252222005422,True,new-sim,2026-10-05 11:02:00
76,6.4,175.0,9.5,30.0,1.5,0,8,True,45.09372393269169,16796944.1497039,32.248636371628095,134333.69518336453,0.00020997406163884646,True,cache-hit,2026-10-05 11:02:01
77,6.4,175.0,9.5,31.0,1.5,0,8,True,43.00334509886687,16595232.486263953,33.31864807540711,166037.89205818786,0.00021060192649240386,True,cache-hit,2026-10-05 11:02:01
78,6.4,175.0,9.5,31.0,1.5,0,8,True,43.00334509886687,16595232.486263953,33.31864807540711,166037.89205818786,0.00021060192649240386,True,cache-hit,2026-10-05 11:02:01
79,6.4,175.0,9.5,31.0,1.5,0,8,True,43.00334509886687,16595232.486263953,33.31864807540711,166037.89205818786,0.00021060192649240386,True,cache-hit,2026-10-05 11:02:02
80,6.4,175.0,9.5,31.0,1.5,0,8,True,43.00334509886687,16595232.486263953,33.31864807540711,166037.89205818786,0.00021060192649240386,True,cache-hit,2026-10-05 11:02:02
81,6.4,175.0,9.5,31.0,1.5,0,8,True,43.00334509886687,16595232.486263953,33.31864807540711,166037.89205818786,0.00021060192649240386,True,cache-hit,2026-10-05 11:02:02
82,6.4,175.0,9.5,31.0,1.5,0,8,True,43.00334509886687,16595232.486263953,33.31864807540711,166037.89205818786,0.00021060192649240386,True,cache-hit,2026-10-05 11:02:03
83,6.4,175.0,9.5,31.0,1.5,0,8,True,43.00334509886687,16595232.486263953,33.31864807540711,166037.89205818786,0.00021060192649240386,True,cache-hit,2026-10-05 11:02:03
84,6.4,175.0,9.5,31.0,1.5,0,8,True,43.00334509886687,16595232.486263953,33.31864807540711,166037.89205818786,0.00021060192649240386,True,cache-hit,2026-10-05 11:02:04
85,6.4,175.0,9.5,31.0,1.5,0,8,True,43.00334509886687,16595232.486263953,33.31864807540711,166037.89205818786,0.00021060192649240386,True,cache-hit,2026-10-05 11:02:04
86,6.4,175.0,9.5,31.0,1.5,0,8,True,43.00334509886687,16595232.486263953,33.31864807540711,166037.89205818786,0.00021060192649240386,True,cache-hit,2026-10-05 11:02:04
87,2.4,167.0,10.5,32.0,1.5,0,8,True,52.87730351239713,14821619.507281346,32.36287625155407,48736.050625007,0.00018906300073381663,True,new-sim,2026-10-05 11:02:06
88,6.4,175.0,9.5,31.0,1.5,0,8,True,43.00334509886687,16595232.486263953,33.31864807540711,166037.89205818786,0.00021060192649240386,True,cache-hit,2026-10-05 11:02:06
89,6.4,175.0,9.5,31.0,1.5,0,8,True,43.00334509886687,16595232.486263953,33.31864807540711,166037.89205818786,0.00021060192649240386,True,cache-hit,2026-10-05 11:02:07
90,6.4,175.0,9.5,31.0,1.5,0,8,True,43.00334509886687,16595232.486263953,33.31864807540711,166037.89205818786,0.00021060192649240386,True,cache-hit,2026-10-05 11:02:07
91,6.4,175.0,9.5,31.0,1.5,0,8,True,43.00334509886687,16595232.486263953,33.31864807540711,166037.89205818786,0.00021060192649240386,True,cache-hit,2026-10-05 11:02:07
92,6.4,175.0,9.5,31.0,1.5,0,8,True,43.00334509886687,16595232.486263953,33.31864807540711,166037.89205818786,0.00021060192649240386,True,cache-hit,2026-10-05 11:02:08
93,6.4,175.0,9.5,31.0,1.5,0,8,True,43.00334509886687,16595232.486263953,33.31864807540711,166037.89205818786,0.00021060192649240386,True,cache-hit,2026-10-05 11:02:08
94,6.4,175.0,9.5,31.0,1.5,0,8,True,43.00334509886687,16595232.486263953,33.31864807540711,166037.89205818786,0.00021060192649240386,True,cache-hit,2026-10-05 11:02:09
95,1.0,155.0,10.5,31.0,1.5,0,8,True,51.71805426409947,12481430.10480567,37.77795535399889,43858.0601348779,0.000185546799528381,True,new-sim,2026-10-05 11:02:14
96,6.4,175.0,9.5,31.0,1.5,0,8,True,43.00334509886687,16595232.486263953,33.31864807540711,166037.89205818786,0.00021060192649240386,True,cache-hit,2026-10-05 11:02:14
97,6.4,175.0,9.5,31.0,1.5,0,8,True,43.00334509886687,16595232.486263953,33.31864807540711,166037.89205818786,0.00021060192649240386,True,cache-hit,2026-10-05 11:02:15
98,6.4,175.0,9.5,31.0,1.5,0,8,True,43.00334509886687,16595232.486263953,33.31864807540711,166037.89205818786,0.00021060192649240386,True,cache-hit,2026-10-05 11:02:15
99,6.4,175.0,9.5,31.0,1.5,0,8,True,43.00334509886687,16595232.486263953,33.31864807540711,166037.89205818786,0.00021060192649240386,True,cache-hit,2026-10-05 11:02:15
100,6.4,175.0,9.5,31.0,1.5,0,8,True,43.00334509886687,16595232.486263953,33.31864807540711,166037.89205818786,0.00021060192649240386,True,cache-hit,2026-10-05 11:02:16
